Unnamed: 0,statement,status
6327,"If the file is retested again, just file it, I can't control it",Normal
10683,"Honestly, I am a real piece of shit human. I claim to be such a good Latter Day Saint but in reality I am not. I have strong hatred for a lot of things, and I have caused my family so much stress and pain. I am toxic and controlling when it comes to my Fianc and I pray that he finds someone better. He deserves the best and I am FAR from it. I have been in and out of therapy for so long but I am just mentally fucked. I grieve for my parents, friends, fianc and everyone else who has had the displeasure of knowing me. I feel awful for everything I have done in life. I am a lowlife loser, I cannot seem to get the will to finish college, and work has me tired out. Anyways, my fianc is going into the military. I want to wait until he is gone, and pray that he does not find out until he finished training. I want to make it look like an accident or missing persons case. I do not want anyone to know I did it to myself. I am trying to figure things out. I hate trying to plan this, and I am hoping for some miracle that my next 20 days of intensive therapy can turn it around for me. I highly doubt it tho. I think its time for the trash to take itself out. Needed to rant, had no where else to do it. Idc if nobody else hears me. Planning the end",Suicidal
29672,"No idea where to ask this on reddit. I've been having an unresolved noise problem (no help anywhere i looked) for a cool year now, meaning i havent slept in peace for a year. over the summer, i believe i developed tinnitus as a result of wearing headphones to bed and putting pressure on my ears, possibly also through earplugs and earphones as well. now i'm realizing the concession that i'm too poor to live alone off subsidized housing isnt nearly good enough. and i do need to move for many reasons.",Stress
38583,i feel very apathetic towards everything in my life i just have no drive or ambition towards anything like i m just living just because people tell me to live i don t want to be here in life or anywhere really i just want to not exist a good portion of what i ve done in life is only for the approval of others now that i m older the more i just stop caring about others i know you all will probably suggest to maybe try other thing now that you don t care about other people s opinion find thing that actually enjoy i did i took a break from uni and decided to dive into art and a bunch of hobby i found them to very meaningless i don t know how to explain it but i felt like i wa faking enjoying the thing i did just to prove to myself that i am getting better and that i am like other people i did them just to do them i m just depressed that my family had to be stuck with a daughter like me because i m nothing but lazy and careless i don t want to burden it d be so much easier for me if i could just die in my sleep so i can save myself from hurting my family by committing suicide not existing is the only choice i want,Depression
51502,"Are there people with avpd who do not have SAD? If it's two different disorders, there should be someone who is avpd without sad although many people have both disorders

Or are these just different aspects of same thing",Personality disorder
21598,"First and foremost please save the dramatics because I have already made my mind up and my decision is final. Please know there is nothing you can or could do.I am jealous of people in mental wealth wards. that is where I want to be. But I do not think I would qualify, as I am not outwardly a danger to myself or others. I have been through the healthcare system multiple times, and it only ever made me worse. I am on 100mg of sertraline and all it is done is made me more anxious and I cannot even enjoy music anymore. I cannot cry anymore, I cannot laugh anymore, I cannot cum anymore (TMI I know). I am convinced at this point there is nothing I can do to ever make things better. Not to sound like the joker lmao but society is fucked. I hate it. People are evil. Capitalism is evil. I do not want any part in this, and I would rather spend the rest of my life in isolation.I have attempted to end things twice before but failed. Once due to cowardice, and the second due to luck. I got better for a while, or at least I thought I did, but after COVID things have just completely collapsed and I am worse than I ever have been. I cannot deal with my brain constantly. I have no idea how I am supposed to navigate my way through this hellscape of a world with a brain that constantly makes things 10x more difficult. I am 21 years old, I am so anxious I cannot leave the house, unemployed, just dropped out of university, I have literally no friends, and all the friends I have had in the past I have ended up pushing away. I have nasty intrusive thoughts all the time, too awful to even say out loud. I am not comfortable in my own skin. I have no idea what I am doing with my life. I have tried so hard to do good and be good but I have realised the problem is not me, it is the world. The world is fucked and I do not want to be in it.So, I have a plan for tonight. I have got 20 packs of Aspirin and I am going to swallow as many as I can. I will wash it down with vodka. I am going to put my favourite album on and turn the volume up all the way. My parents will be out at the pub drinking and watching the football. I have never cared for football so it is not surprising to them that I am staying home. They will not be out all night though, and will probably return at 10 or 10:30pm. So, the way I see it, either they come home too late and I am already dead OR they come home, call an ambulance and I miraculously survive. At least then they will probably take me seriously and throw me in a ward where I belong.And yeah I am posting this for attention. Do I want pity? Yeah, probably. Just say you love me and tell me not to do it and feel sorry for me and all that. It will not do anything but at least it might give me a little bit of serotonin before I take the gamble.If you are suicidal yourself reading this, stop lurking this sub. Get help. Reading stuff on here is not going to make you feel any better, it is an echochamber of suicidal ideations. Get off of here for your own good. Well, I think this is it.",Suicidal
33438,i started shopping at the dollar store.,Normal
15000,"I do not want to do this anymore I feel like I should end it. Everything sucks. Jobs is wage slavery, family does not care, no friends, no relationship. No joy anymore from doing things I really want to end it",Depression
10139,"You ever get that feeling of either complete numbness to the pain you have gotten used to or totally anxious to a lot of things that you should be doing in your life to turn it around and you know what and how to exactly do it but something just holds you back for whatever reason..Thus we are stuck with the daily routine of watching days pass by waiting for that one free time of the day (if you are working or at school) to just lose yourself and forget about troubles by doing a hobby i.e. netflix, videogames etc.. and then you wake up and rinse and repeat.. Just cannot sleep like a normal person anymore unless I am super exhausted.. If I try to lie down and close my eyes, I think of a million scenarios of ""what could have been"" and ""what ifs"" it is so hard to sleep..",Depression
52147,"Feeling happy then it turns into anxiety I was feeling good today, I got plenty of sleep I went outside enjoyed the sunlight but then the anxiety hit. Unshakable anxiety that just happened for no reason like an impending panic attack why why why. I don‚Äôt know why my body does this to me. I feel like the only thing to help me now is medication it just won‚Äôt stop.",Anxiety
26169,"I guess I should preface this by saying that talking does not work. I am too damned stubborn in my baseless negative thoughts, and I do not want to burden my mom by telling her about anything so she can get me to a therapist. With that out of the way, I guess Ill just list all my mistakes that have led me here.1.) I do well in school but not well enough to go to a good college. No good college, no good job, shame for the rest of my life while my older sister flourishes.2.) I fear I am going to end up like my deadbeat dad. Id rather die than leech off of others like he does.3.) I am just not a good person. I am a downer, I do not have anything useful to offer anyone, and I am entirely replaceable.4.) my grandma just died 2 days ago, and my grandpa probably is not too far behind. that is probably the only thing that is slightly out of my control, though I did not spend as much time as I should have with them.But I suppose I cannot complain. Many more people have suffered much worse and still loved life. I am just a useless coward. I am giving up. A hydrocodone overdose is looking really tempting right now. Ill just tell my stupid little story and try to properly plan my death on my own time.",Suicidal
16169,"I was thinking about posting this in the BPD subreddit, but I felt it belonged here instead. My BPD is what is causing me to feel this way, if anyone else here has BPD they might relate.These feelings started about three years ago. I have gone through bad shit my whole life but just three years ago something happened that made me suicidal. I grew up in an abusive home and did not have many friends in high school, and that gives me a tendency to get overly attached to people. So when I got to college, everyone who lived on my floor hung out as a friend group and being part of that group made me the happiest I had ever been in my life. But that group turned around and was actually really mean and toxic to me, and because I was so attached to them, it made me suicidal when they were mean. They never actually said the words ""kill yourself"", but I really felt like they wanted me to do it. One symptom of my BPD, I think it is called splitting, I exaggerate things a lot and think in black and white. If someone does something mildly shitty to me, it makes me think that they are purposely trying to drive me to kill myself. I know that logically, even though they were definitely shitty people, they probably were not evil enough to try to make me kill myself. Very few people are actually that evil. (Similarly, I also do the opposite. If someone does something even slightly nice for me, it makes me think that they love me). Years later, during COVID, I started getting harassed online by that same group of people. And the harassment was actually really nasty, although again, they never actually said the words ""kill yourself"". I tried reporting it to the college administration and they did not care so I responded to the harassment, and they lied to the administration saying that I was harassing them for no reason, which again, seemed like a pretty evil thing to do, and I felt like because they were doing something that mean to me, it must mean that they want me to kill myself. I actually told them I wanted to kill myself because of them and they would not stop. The harassment really got to me, and it is a big group of people doing it, and I feel like if that many people want me to kill myself, then I should. I feel like everyone wants me to kill myself",Suicidal
27128,"I was diagnosed with depression more than a year ago. At first it was okey, but every month my depression gets worse. Now every week my depression hurts me more and more. I want to die but there is this person in my life i love. He is so strong and he was fighting all his life against his chronic kidney disease and a lot other pathological stuff. I cannot imagine how he is not depressed. I helped him trough so much shit and i do not want to die just because I am depressed. He does not deserve my loss but living hurts so much for me. I am a very caring person and i just want to make other people happy... Life hurts. And it hurts more if you cannot kill yourself. I am still alove just bc of my husband",Suicidal
42811,bivancamp aw that suuuucks sorry dear,Normal
18089,"At this point idc if anyone I know sees this. Anxiety, childhood trauma, eating disorder,insomnia,sexual assault by an older family member, my mom knowing but I am not allowed to tell anyone about it to ""keep the family together "", my bf of 2 years emotionally cheating on me twice and then lying about it for 5 months, his family being weird towards me, hormone problems, infertility-at this point idk if this is solvable. I just want to end it. Idk what to do",Suicidal
30831,i'm throwing a party on friday.,Normal
5378,[tag] Buy Men's Sneakers Shoes,Normal
28022,And I really don't know what to do. This isn't nearly the first time he lied and there have also been other things (like him being unemployed for 6 months and not looking for a job while his parents pay foe everything and he lives with me). But I get that life can be hard and it sometimes can get you down. But I just feel like my trust is broken over and over and over again. And I don't know what to do.,Stress
8482,"Hey, so I have been having trouble crying recently because I have been holding in my tears for far to long, so could somebody just write anything in the chat thingy to try and help me cry. You do not have to, but it would be nice.",Depression
34390,"A hypochondriac's guide to health anxiety... Hello all!

Long time reader / first time poster in this here subreddit...I've been comforted by many of your stories and they've really helped me through the years with my own struggle. Because of this, I decided to write about (and share) my own story about how I overcame health anxiety. 

This can be found at the following link (my personal blog): 
http://www.kingofnowhere.co/blog/healthanxiety

Any comments / questions welcomed!

Stay strong. If I can do this. You can too. 

Rhys
",Anxiety
32493,does your girlfriend ever make you angry?,Normal
23125,"I thought i had a plan but recently, I have been having doubts... What if it fails and I just get to a situation that is even worse? But I also need to be discreet about it so idk pls help me what is the most fool proof way???",Suicidal
18824,"I have not be able to draw seriously for a year now. I remember studying a lot and seeing my art evolve really fast back in march lockdown, but now it is the total contrary. I am getting worse, I rarelly get any ideas and everything I draw looks like pure trash. Looking at other people's drawings makes me both frustrated and angry, I really wish I could draw at least 1 thing I did not hate.This makes me even more depressed and I feel like there is no solution. High school has done fucking me up mentally, to the point where I cannot even do what I am going to uni for anymore. my poor mental health is making drawing/painting impossible",Depression
12319,"I just, I cannot. I cannot live anymore in pain. The girl I want does want me back and that hurts, not so much because she does not love e back but I feel like none ever I would be loved by a girl for what I am. I just need a girl to give me, some attention, some courage to help this life. I just do not have courage to continue my life. I just see only an end Hope someone to see that",Suicidal
25669,"Idk what to do with myself anymore, and honestly death sounds like a peaceful end. My heart feels played with and i feel like i do not actually matter to the people i try to be with. I wish i was dead and cold, cuz that is just the end anyway. I feel worthless",Suicidal
46412,"Concert Depression Has anyone had the experience of being at a concert and suddenly being overwhelmed by depression and super high anxiety? I recently was at a metal concert and I shutdown completely towards the end of the headliners set. 
I‚Äôve been told it has to do with sensory overload? I think it‚Äôs happened before, is there anyway to combat it?",Bipolar
22057,"Its been 8 months, iv been on dates, had sexual experiences with other girls and yet again I am sat in bed praying for to walk through that door just one more time to tell me she loves me.I have girls interested in me and want to be with me, but she was the love of my life and I fucked it up.If there is a god. Hes ruined my life. I will not ever forget you Nat. she is moved on and I will not ever",Depression
8249,everything i have been living for the last year or so is so far away. i do not know what to do. I am so tired of fighting. i just got my wisdom teeth out. thinking of combining all the pills they gave me and all my antidepressants/anxiety meds and hoping they just do the job. I am terrified they will not. i hate the rehabilitation. i do not want to come back this time. what if it does not work? I am so tired i think i may kill myself today,Suicidal
696,Restless ha ha,Anxiety
5209,His favorite colors are blue and brown. #FrieskaFact,Normal
39088,you are doing enough just let yourself take a break,Depression
5294,another coincidence?,Normal
45718,"Is it anyhow possible to get rid of bipolar disorder? If traumic events triggered it, cant you stop it by settling with those events? I mean, shouldnt it work like this? I dont want to take meds, isnt there any other way?",Bipolar
44343,just put a bid in for signed panic at the disco poster unfortunatly the fall out boy one is already over my limit,Normal
27746,I‚Äôd like to be married before we are pregnant. I‚Äôm not willing to compromise on that. Anyone been in a similar situation? Advice on how to proceed?   ---,Normal
35611,"In need of some advice/support Hey all! First I want to say thank you to everyone in this sub. I‚Äôve been quietly reading your posts for months now and it is truly the reason I don‚Äôt feel so alone anymore. 
I‚Äôve been dealing with health anxiety since I was 12. I saw a poster in the nurse‚Äôs office at school which explained the symptoms of menengitis and spent almost a year touching my chin to my neck to make sure I was okay.  Then, it turned into having anxiety about HIV/AIDS and lymphoma. My anxiety was so bad I had to drop out of my dream college because I couldn‚Äôt handle it. 
I felt happy for years after that. I focused on other things. But this January something changed. I suddenly began feeling everything I used to before. Constantly worried about various diseases even after being reassured that I was okay. 
It‚Äôs straining my relationships with my family, my boyfriend, and my friends. My constant reassurance seeking is making everyone lose their patience with me. I feel like I can‚Äôt handle it anymore. I sleep most of the day because that‚Äôs the only time when the terrible thoughts don‚Äôt come. 
The worst part is this feeling I like to call ‚Äúhappy...but‚Äù. It occurs in situations where I feel happy but cannot truly experience the moment for what it is because I‚Äôm worried. ‚ÄúI‚Äôm happy...but I could have a disease‚Äù ‚ÄúI‚Äôm happy... but it will only be for a little while until the anxiety comes back.‚Äù 

Anyone else feel this way? ",Anxiety
30208,"i'm absolutely lovely, thank you.",Normal
20982,"Been on Lexapro 10mg for about 6 months.Have been tapering off for 2 months now. I have had minimal effects so far, brain zaps, irritable but nothing major like when I missed a few doses a few months back.I was taking 2.5 mg for 2 weeks and decided to stop cold turkey from there and I have been off for one week. I started getting brain zaps but now I feel like I am being shocked from my head down to my toes when I turn my head for the past few days. Like I have a tens machine hooked up to my whole body. it is unpleasant. I do not want to move but I had to go to the store and I was crying by the time I got back to my car. Is this a side effect anyone else has experienced? Lexapro withdrawal symptom or something else?",Depression
18892,So I have come to a realisation I have been trying to ignore for a while now. No matter how long I go without contact no one will ever reach out to me. Feeling like shit more then ever,Depression
35096,"Had a Panic Attack Last Night. Strange Sensation in Head. Anyone Ever Experienced Something Like it Before? Sorry for making another post so quickly after my last one. But I'm in a bad spot right now and I just need to talk about what I'm going through.


:Last night, I had a weird sensation in the left side of my head, above the ear. It felt like something was throbbing or pulsating inside my head. It was never painful and it would go away for a few minutes before coming back. I felt it until I went to sleep (where I thought something was going to happen to me in the middle of the night or I would die in my sleep.)


It doesn't help that right now, my current paranoia is a brain tumor or a unruptured aneurysm. Earlier this week I had a headache above my left eye around my eyebrow but that went away after a few hours. I've been incredibly anxious about that side of my head.


I woke up this morning and haven't felt it again, though I've been a nervous wreck all day fearing it would return. It hasn't so far, but I think I'm having hypersensitivity in that region cause it feels a bit fuzzy right now.


Has anyone else felt something similar to this?


Thanks in advance for reading and/or commenting.",Anxiety
31373,it's bluedog123.,Normal
35984,@yogadork our barefoot range is a great alternative when you need to wear shoes. they allow you foot move as though it were barefoot,Normal
32068,especially for drivers of big trucks.,Normal
34576,"Red spots on forehead under the skin For the past few days I‚Äôve been coming up with these strange small red spots on my forehead! They‚Äôre under the skin and are quite bumpy looking and also when i touch it. 
I‚Äôve tried absolutely everything - all the spot creams I have, antiseptic creams, changed my face wash, used a face mask... I‚Äôve even put fresh lemon all over! 
I haven‚Äôt changed anything in my diet recently either :( I‚Äôm not sure what has made this happen... it‚Äôs making me sooo self conscious and I just can‚Äôt stand looking at my face in the mirror :( does anyone have any tips on what I could do to make it go away? ",Anxiety
25382,"This is a throwaway account but this is a real post. For context, I am a young female who has been used and abused throughout my life. I was molested by a woman when I was 5, physically abused by my former stepfather, molested and raped at age 18, both times while blackout drunk. I got married and was used for a green card, I was abused by him and we got divorced. I started dating after the divorce but I found myself being used by men for sex. I started thinking that if I was a prune, no man would want to be with me, so I kept making the same mistakes over and over. I feel gross and disgusting. I attempted suicide last November by ODing on my antidepressants, did not work. I am now feeling like giving up. I do not think I can be fixed and I cannot heal. My stomach is all messed up from taking those pills and I am constantly nauseas, throwing up my food and I am sick of it. I cannot keep a job because I am mentally unstable and depressed. I have been looking at things rationally and I really feel like using an exit bag and taking myself out of my misery would be better. Am I really so crazy for wanting release? I have been through so much more than what is on this post, I hurt so much everyday. I am currently living with my bf of 6 months who has taken over the bills the past two months after I quit my job. I feel like a huge burden. I have been diagnosed with ptsd, mdd, gad and insomnia. I have no health insurance so I cannot get therapy and I lost my antidepressants Used and abused",Depression
9143,"Imagine if you wanted to die, and you could just swap lives with someone instead. Maybe a 89 year old or a 5 year old. would not that be weird? is not it odd how some of the of us try so hard to die while others are doing everything they can to survive? Imagine if you could donate your life.",Depression
7440,"I have been feeling very ill for a long time I pacified my emptiness with opiates, I am not clean and feel worse than ever I am 100% sure I will die by my own hand this darkness inside is overwhelming I am not sure how much longer I can hold on. I feel I am slipping away",Suicidal
45304,finally fellow ninja logging into the forum if you ve done so recently can you redo again a it woz a bit broken before,Normal
41037,just remembered that doctor have told me i have depression amp that make a lot of sense seeing how i took monday off saying i wa sick but just could not for the life of me bring myself g work amp i m literally writing an email at am saying im not coming the rest of the week,Depression
48200,"29M. Moved out for the first time in August to work at a ski resort for a year. I feel so lonely and have no real friends here.  (not saying people here are fake but I‚Äôve become more of a hermit). Want to move back home and pursue schooling/certification (medical billing and coding). Feeling insanely depressed here.

So I made the move out here last year 2 months before turning 29. 

At first I enjoyed it. I‚Äôm able to buy weed whenever I want, I get a better pay than I did back home, and I don‚Äôt feel like a child living at home. And the weather was pretty nice.

But over time, it started wearing on me. I miss my nieces and every time we‚Äôve factimed they look so much older. I feel sad that I‚Äôm not there. I miss my family and our family dog. Also I ran out of my ADHD/anxiety/depression medications and haven‚Äôt tried finding a new psychiatrist/therapist because I don‚Äôt want to deal with the hassle of searching around. 

I feel like I haven‚Äôt really connected to anyone here. I thought going out and snowboarding here at the resort almost everyday, that someone would recognize me and I‚Äôd make friends (which is what happened back home), but it hasn‚Äôt happened. I have no dating life at all. I get 3 or 4 days off a week and spend them alone. Sometimes I‚Äôll game with my high school friends online, which is the only thing I really look forward to, but this fucks my sleep schedule even more.

I work overnights and barely get any social interaction anymore. I try sleeping during the day but it‚Äôs difficult because my neighbors like to play their music super fucking loud. Why don‚Äôt they just wear headphones?

My sleep schedule is shit. I hate going to run errands because I have to walk 15 minutes to my car. 

I snowboard for like 2 hours and then feel like going home because I get overwhelmed by the lengthy lines.

Once the season ends, they‚Äôll switch me back to evenings as opposed to overnights, but then I‚Äôll have to get a roommate. Having a roommate in these tiny ass dorms is horrible and I don‚Äôt like it. No privacy at all.

When I go back home, I want to start regularly going to therapy again, but am thinking ‚Äúhow can I do that if I don‚Äôt have a job‚Äù. How do I ensure I have a job when I get back home? I don‚Äôt live there right now so how the hell do I get interviews????",Depression
5235,"√¢≈ì¬®JUAL PREMIUM APP√¢.√¢‚Ç¨‚Äùnetflix√¢‚Ç¨‚Äù.antihold , full guarantee.45k/month (sharing).175k/month (private)..√¢‚Ç¨‚Äùguarantee (except viu).√¢‚Ç¨‚Äùprocess of processing 1x24 hours .√¢‚Ç¨‚Äùpayment via fund/ovo+1k/gopay+1k/shopeepay+1k",Normal
2735,"From the beginning of the fast, the intention was to mute eruri because the fanart is not good for the eyes and heart. Until now, I haven't been able to mute it, or it's a waste if you don't see it.",Normal
977,very proud,Normal
20623,"I been through a lot of changes lately, I just quit ""the perfect job"" with a really toxic boss. I could not even talk to her bc she wanted all written in case that she needed to prove that I was the one that did something wrong. I ended my long distance relationship 3 months ago, he was a completely different person when he returned to the us. We are still in the meddle if the pandemic here in mexico. I am super scared of not having anything right now.... I still feel is for the best this changes but I am so depressed that I do not have a partner to rely on or work right now.... it is been so hard to change",Depression
11452,"36m. Basically dealt with depression since I was around 12. Until 5 years ago, I would never told anyone. I finally told my wife after being together for 10 years and I have been on various antidepressants since. Currently on Cymbalta. Occasionally I will miss a day on my meds and I feel my mood drop noticeably the next day or two until I level back out.Last weekend my wife and I got into a small argument (we honestly never fight). In the end, I feel like I hurt her without meaning to, so I decided I wanted to feel as bad as I made her feel.I have not taken my meds and the depression is real. But in a fucked up way, I think I like it. In an ironic way, engaging in some self destruction makes me feel a bit more alive.Has anybody experienced this? Stopped my meds.",Depression
21673,Going to sleep crying at the thought of waking up crying do not let me wake up,Suicidal
2051,courier jnt for the sake of Allah already...,Normal
41793,ha 0g of milky bar left and around 00ml of coke,Normal
30564,i wish i was free that night. i'm kind of mad that i didn't go.,Normal
21840,"earlier yesterday, i heard my mother on the phone with a potential therapist of mine. getting to know her. not asking me to talk to her to see if i felt comfortable. for context, i said that i felt suicidal to a therapist and they told my school &gt; told my mom, had me sent home for the rest of the year. due to that, i cannot go back without getting cleared by a doctor because they do not want to deal with students with mental health issues. anyways, I have always been the third-wheel in my own recovery. i never know what is happening with my medication, my status as a student at my school, or the therapists i might see. on the phone, my mom is trying to explain to the [new] therapist why I am feeling this way:its because of covid, you know, all teenagers are depressed now.i do not think she fully understands the fact that I have been struggling with this for years. in middle school, i was lazy and not motivated to do anything at all. i constantly missed school and did poor with everything. sophomore year, before covid hit, i was seeing a therapist and breaking down every session because i really did not want to live with myself. i got a really bad ankle sprain, my social anxiety took over me and i did not eat for weeks. this is not new, but she is acting like it is. my close friend passed because of suicide and i think she magically wants me to realize that it is not the answer.I am in no way complaining about my mom trying to get help for me, but it feels like she is being forced to do it (which she is). she constantly tells me, do you want them to kick you out of school? and prioritizes me being at the school i am over my mental health. all of this pressure to not say the wrong thing while I am meeting with the therapist only makes it harder to be alive, knowing I am disappointing so many people. invalidated",Suicidal
17337,"So, a bit about me: I am a 21 year old guy. Grew up in a family that strongly believes in academics to be the most important thing in life. Consequently, I had no lack of support from them for my studies, rather, saying ""I want to study"" was a common excuse for me to not do my chores. While I say excuse, I loved to study. We did not have internet or television, so most of what I read was textbooks provided by our school, and sometimes novels I took out of the school library. My school grades were top notch. The school itself was highly competitive, but when I graduated from high school, I had the fifth highest score in the school. Pretty good, everyone expects me to do well. I also did well in some entrance exams and got into a top university, studying CompSci.But that is where the happiness stops. The university is terrible at teaching, and that demotivated me from studying the subjects all by myself. The result? Terrible. My grades dropped. But still, they were not that terrible in my first year. I had a fail grade in one subject which I cleared. But then, that one fail grade completely demotivated me. I stopped paying attention to classes, and eventually stopped going to them. My friends and some of the better professors would ask me what is wrong, and I would do my best to avoid them. Eventually, I was scared to even go out lest I will meet some of my classmates or teachers. And the result was obvious, I failed all the classes that semester.Now, I was too scared to tell this to my family. They were bad enough when I had one failed subject last time, and warned me that I will be not allowed to continue studying and waste their money if I just wanted to fail. So I showed a fake grade sheet. And yes, they want to see the grade sheet or they will not pay for the next semester. I thought I would maybe clear those subjects one by one and they would not know. But now the shame of missing most of the classes in the last semester caught up, and I realised I could not concentrate in the classes at all. No one would talk to me voluntarily, and they would just answer very short when I ask something, and sometimes will not even do that. So eventually, that semester got fucked too.And this happened the next time too. I failed most of the subjects and had to fake my grades. But the university had terminated me, and I had to appeal for them to reinstate me. They did, and I had to retake the previous years subjects. But I did not know anyone from the class, and again, could not concentrate. I had planned to kill myself in the end of summer semester 2020, but because of the pandemic, we had to go back home. Back home, I pretended to be attending lectures while doing something else on my laptop. The last year I attended exactly 0 classes.Of course, my family thinks I am studying, but I am not. Remember I said I loved to read? Now I cannot even fucking concentration on reading something. Every night when I sleep, I promise myself that I will start studying tomorrow, but that never happens. The moment I open my textbook or some website to study, I lose all motivation. I cannot do it.Today was supposed to be the day I graduate and receive my degree. My family does not know. And they are one phone call away from knowing. we are not too rich, we cannot afford a regular psychiatrist. And anyway, I will be the one blamed, because that is how it has always been here. If I score low in a paper, it is because I did not study enough, not because I had a fever. I had a fever because I am too lazy to study. What do you think I will get when I say ""I have been failing for three years, I have just been faking my grades.""? I do not even have enough skills to find a job, and no one wants to hire a student who failed three years and could not get help for himself. And academics was the only thing I was ever good at.Frankly, every night I pray that I will not wake up alive. I do not have the guts to slice my wrist or stab myself in the heart or hang myself or something else. I have came close to completing those things, but I just cannot do it. I have ruined my life, and I hate myself.",Depression
5045,"Powerbank, BB Battre, Iphone, Samsung, BlackBerry BM/Ori/Replica. Info : 22D93ADF / 08192000566 IklanPeople",Normal
41238,mizzzidc mizzzidc you need help depression is setting in pls seek for a professional care,Depression
24203,"I have just sat here at my computer turning my favorite videogame on, waiting for it to load, turning it off, repeat for like three hours. This is so fuckign stupid why am I such a fucking dumbass just play the game why is nothing fun anymore. I guess I will just go to sleep even though I am not tired at all. Oh my god why do I not enjoy anything",Depression
49367,"how to deal with previous stressed situations? I have been down with stress since mid November, and I have started up working again part-time from mid-December. I now have to travel (by plane) for work, which previously triggered my stress, because of all the people, noise and business of the airport and transportation. It took me a week to get over all the stimuli of the last travel day. I now have to travel in late February, and my mind can't stop thinking about it, and I am afraid that I will use another week to get over it again. So how do l deal with a previous trigger? Travelling is part of my job, and I want to overcome the fear",Stress
28414,"I'm 33 years old and support and live my own life. My parents are in their 70s and retired. They always tend to worry, so this was something I knew they really couldn't do anything about so I didn't want them to worry for nothing. There's also just the mental health stigma and as a guy that makes it harder too. I also have a sister that I have never been very close to.",Normal
40913,i ve been eating on time but i feel like my main meal consisted of some food and depression,Depression
12670,"I am the older out of me and my younger sister, as young girls we used to be extremely close as you would imagine kids to be, but I feel like we have grown apart. I have gotten multiple jobs and am about to get a full time job and have a boyfriend and about to move out, and my younger sister fro about two years now (ever since she is finished highschool) has been so withdrawn, all she does is sleep in till 3, wake up, eat something then goto sleep. I have forced her to come out with me for dinner, for adventures etc she still goes back into this she will. I spoke to our parents about it and they just shrug their shoulders. Seriously what am I supposed to do I feel like its all my responsibility but nothing I do is working. Need advice for my little sister",Depression
50147,"New user Hey everyone! 

I have bipolar and I‚Äôve been in 40 hospitals. My parents tried to put me under conservativorship and filed 4x in California. They‚Äôre due for dismissal now. 

I am kinda hesitant to see when it gets dismissed because their lawyer is lagging the due date is April 25th. 

I just came back to LA from Boston. I was out of state lines then. So I might have to appear. 

On top of it, I bleached my hair and it came out yellow, now I have to go for another round of bleaching. 

Anyway, that‚Äôs my life

So tell me about yours.",Bipolar
8914,"I talk about my interests in liking Rocko's Modern Life and being a furry, and posting art. People used to love looking at my art and sometimes I would get ""friends out of it"" but they would all just ignore me anyways after a week or two. And when talking about my interests no one cares and just talks about what they do and never ask what other things I like doing or if there is other things I do other than what I post on the internet. People around me do not even acknowledge me that much I til I mention I am upset. If they cared then they would not have to come in repair mode every fucking goddamn time. Instead I am stuck besides myself and my hobbies and I do not even really like the things I like anymore that much, so my mind wanders off to suicidal thoughts and wondering how life would be better without me at all in the picture. not even my boyfriend seems to acknowledge the pain I feel half of the time, and he knows I would drop anything I am doing and do anything for him. Like whatever I guess, I cannot talk about my pain without them adding it on with their own damn pain in the mix. Overall most of the time now I am a very nasty and overall more easily irritable now. I just cannot stop thinking of suicide now and how much better it is that I would be out of here than live in total misery.. No one pays mind to me until I start shit..",Suicidal
29325,"I had another friend come out and tap on my window, scaring me. He didn‚Äôt know what happened, and when he asked me what was wrong I just started to cry. I felt stupid and ashamed. Through the sobs I told him what happened, I even told him that my rapists did it to me. He was supportive and sweet and it made me feel so much more guilty.",Stress
42063,daniela 9 hahaa i just realized quot impune quot definitely isnt the word i wanted dang i m so unclever,Normal
10057,i cannot live on this earth anymore i just want it to end. what are some painless ways to die.. need to die,Suicidal
1928,"No need to show off about the existing reality. Later, when the harsh reality hits, you will know the feeling. I'm afraid no one will help. Because you were arrogant in the beginning and without realizing it, you hurt people you didn't know who they were.",Normal
44321,stuffy nose it preventing me from sleep any remedy,Normal
51902,"Am I weird? My friend came for a sleepover today and we went in my room. He didnt ask or anything and just sat in my bed. After some time he layed in it, had my plushies in his arm, the blanked over him and the pillows under his head and I just wanted to scream. I still feel so uncomfortable. I can't wait him to be gone so I can change my bed sheets and wash everything. He also changed the position of my bedtable And I feel like ripping my skin of, I can't stand the feeling, and goddamn HE HAD SCHOOL CLOTHES ON. And went in. My. Bed. I changed the sheets not a while ago and they were all clean and now not. I  don't even allow myself to lay in my bed with dirty clothes. I need to shower, put on fresh clothes and then I can lay in my bed. I had the problem of people just simply touching anything in my bed since I was little, They always bullyed me and extra jump on it, ect. I always cried because of it and It still didnt change. I'm so sensitive about anyone on my bed, I even feel disgusted if my mom sits on it just a tiny bit. There is no excuse ,everyone I know makes me uncomfortable when beeing on my bed. Does it have to do with my adhd? Is it autism? OCD? PTSD? or am I just weird? I'm slowly going insane, someone help me.",Anxiety
20027,"Things get so weird when someone you know, knows about your mental health issues. I appreciate my mom checking up on me, but now its like every time I call her (since telling her I am seeking therapy) starts with this clammy, awkward, and... how are you *doing?* what the fuck am I supposed to say to that??Usually I resort to I am doing OK which is not true or helpful but at least it let us me change the subject. But I do not seriously think they want to really hear about what I am experiencing, because what I am experiencing is a fucking bummer.This post sounds bitchy- I am privileged to have people who care about me. I get that, but talking about depression with my family or loved ones invariably leads to them getting sad, giving me a pep talk, or giving me advice, and forces me into this mind numbing performance of listening, agreeing, and validating their attempt to make me feel better.I kind of just wish I could shut up about myself sometimes. I am tired of telling people how I feel",Depression
17439,"Guys, I just cannot do this anymore. I am a terrible person who has done terrible things, and I think I am going to face some serious consequences soon. I have thought about numerous ways to kill myself but cannot really think of a foolproof method. Pills are too risky and I do not have enough of my medication right now to make sure it happens. I do not own a gun and cannot buy one (if you are a MMJ card holder in my state they will not let you purchase a firearm...dumb I know). I have thought about jumping off an overpass, there is a really high one near me, but I chicken out every time I go to it. Is drowning painful? If I keep myself weighed down with like a cinder block and jump into a lake, will I be sure to fall to the bottom? Is drowning painful?",Suicidal
4339,want to rest first don't unfollow yaa,Normal
39644,not even a god damn crisis line want to help me well fuck me then i m done i can t deal with this pain anymore it s too much for me so many people have it so much worse but i can t get through my stupid little bull shit i m such a fucking coward i m sorry but i m done with this shit,Depression
46898,"Grateful to be doing good This is the first time I‚Äôve remembered World Bipolar Day on the actual day, and I‚Äôm just happy to be doing good these days. Last month marks 15 years since I was diagnosed, and I can honestly say life is way better since then. There have been ups and downs (way more depression than mania) and it never completely went away, but I‚Äôm feeling solid. I‚Äôve got a support network that kicks ass and I just feel safe. 

It took a while to get here, but I never want to go back. My advice? Stick with the therapy and stay honest. And keep fighting.",Bipolar
42493,kisluvkis oh that is very sad poor boy,Normal
12270,i do not want to live anymore i fucking hate myself. I am just such a bitch like idk I really just want to die right now idk anymore. I just deserve to die. I have done so many people wrong and just fucked up a lot of friendships and just fucking cannot anymore. All I am and ever will be is a burden to people like i cannot the only thing I just constantly think about is dying and idk i just give up. I am probably going to be gone soon who knows idk all i know is that i cannot handle this right now please just kill me,Suicidal
14451,"I am exhausted of my life, I cannot eat, sleep nor enjoy the things I used to adore. Everyone keeps saying that I should focus on work and do something of myself. I think I am exhausted of trying to. All I want is everything to fucking stop for a moment so I can feel something. I just want to be happy. everything is too much",Depression
51734,"Talked to a friend for the first time in over a month ... Like an actual phone call conversation. It felt really good! 

Sending good vibes to everyone here in this subreddit ü§ó",Personality disorder
19532,i have ehlers danlos a mutation i am a glitch not a program i have so many health problems that burden others i feel like i wish i was aborted but i know there will be no afterlife because only humans have souls i know my emotions are just chemical reactions i hate the fact i am conscious despite not being human so i am aware of my own suffering caused by being an abomination of nature/a glitch in evolution I am not human and i think about killing myself every day,Suicidal
40652,frasar9 tonyrouf edgar ojwang njeriwanyina superiority take your depression else where how you keep a conversation with a person with inferiority complex explaining your mental status wee go and cut tree,Depression
4099,Will be mother-in-law & Mr. in law sporting bad,Normal
39973,this isn t the normal kind of post i would write and my follower are probably going to leave because of this but here i am most of the time i have the thought in passing if i were dead i wouldn t have to deal with all of this or life is just too hard i wish i wasn t here lately thing in my life have gotten really bad i had a miscarriage in january it sucked because my husband and i had been trying to get pregnant for a long time and had been told that it wasn t going to be possible without intervention or weight loss or both but there we were pregnant and all of a sudden not pregnant i spent the last year dealing with some drama at work that took me over the edge more than a few time i wanted to kill myself so badly but i never told anyone about it i d mention to my therapist that i wa having the suicidal thought and he d check in but i reassured him that i d be ok and he would remind me of all the time i had been here before and gotten out of it now i m looking at a tough situation at home i am not going to go into detail about it but thing are hard at the moment and i find myself feeling trapped unwanted and like more of an annoyance than anything it suck to feel that way in your own home i honestly don t know what i m doing any more and the suicidal thought are getting more real and more pervasive i am finding it hard to stay in a good place i m finding it hard to think logically about it all i feel is desperation and a strong desire to just end it to be done with the fight of having to live with constant depression and anxiety just having rest from that would be a relief but also i know i shouldn t do it life suck and it shouldn t be this hard wish i could feel loved supported and like my life actually matter yet here i am,Depression
47780,Does anyone have any advice on dealing with depression and chronic fatigue? I feel like I can‚Äôt do anything with my life because of how tired I am. I am meant to be completing my final year of university and I just don‚Äôt have the energy.,Depression
4394,rip jyp que,Normal
31226,what happened?,Normal
15912,"You are at a park. On a picnic table, you see a small plastic cup, filled to the brim with a bright orange substance that appears to be thick and opaque. Upon coming closer to the cup, you realise that this substance is obviously hot buffalo sauce. You keep approaching the cup. What happens next leaves you shocked. The sauce shoots out of the top of the cup, in a perfectly straight cylinder, up into the sky. It is completely silent, and yet there is now an ever rising strange cylinder of hot buffalo sauce being created. The sauce appears perfectly stationary within itself, with the only things changing being its height. You cannot see any barrier that is keeping the sauce so straight. It appears as if it has a will of its own that allows it to maintain this shape. it is been several minutes, and you cannot see the top of the cylinder. You wonder, what will happen if I touch the cylinder? Will it collapse? Will it remain in place? You are not sure, but you think that if you can knock out the base of the cylinder, the rest of it might collapse. Or perhaps the stream of sauce would put a hole through your hand. Or perhaps you would be shot up into the sky along with the sauce.you have also recently wanted to fucking die. How would you use this situation to kill yourself? Sauicide",Suicidal
25637,Life without gaming sucks I wish I never touched games I really wish its a big shame 40% of my native languages I do not understand no social skillsSo in future I might stab my self in the veins I cannot just go ahead and cut my veins with a razor I hate it so I thought stabbing would be nic3 Mentally in pain emotionally in pain,Suicidal
47265,"i find it hard to cry and am so overwhelmed I was depressed for many months and took help from therapist,so I was prescribed with depressents.I actually improved a lot I have some peace of mind now, but I am not able to cry even if I want to remove the negative emotion.Hardly I just cry 2 drops not more than that hence I try watching sad movies which makes me cry.Idk wht to do.",Depression
26134,"most ppl do not suffer from depression, i wonder what that is like what is it like not having a depression?",Depression
10185,how do I make a noose so I suicide? how do I make a noose?,Depression
39831,being trans fucking suck kayleigh will never pas therapist are ghosting her so there s no help not to mention on top of that having a piece of shit father and failing school doesn t exactly help just need to end it so the pain can finally stop but too much of a pussy to do it fuck everyone who say it ll get better kayleigh ha heard that for the longest time now and not once ha it gotten better,Depression
38542,i have a hard time articulating how i really feel and it frustrates me to no end i just wan na let it all out but it so hard it make it a lot difficult to seek help when i can t really explain what i m feeling and thinking about i can somewhat recognize what i m feeling but the moment i try to write it down or explain it my mind go blank though i can say a part of me doe feel guilty for unloading all my problem onto someone so maybe thats one of the reason i m unable to reach out to people for help plus another part of me is like trying to convince myself i m actually ok and faking it or being overdramatic which also stop me from saying anything so i usually turn to the internet to see if there s anyone who might feel the same way and could explain it in word better than i can i m sort of relieved to know that there are other people feeling exactly what i m feeling cause it really make me feel like i m not alone in this although it really suck that we all have to go through this i m not in a good state right now so i can t really give word of encouragement without feeling like a hypocrite but yeah you re definitely not alone in this,Depression
10014,"I do not even know why I am awake. Why am I even trying? it is exhausting, trying to gain the energy I need from food and exercise and work, but ending up drained of it and starved for it anyway. I was having a slow day. Now it is turning into a bad day. I feel mocked by these customers. I feel disregarded by my coworkers. I feel attacked by the company that does not see me as a person, just a robot that follows orders and works hard so they can pay me less. I feel I am losing my identity. I do not want to be me anymore because who cares? Who cares about who I am? What I like? What I want? I am tired...I am tired of trying. it is so hard to resist giving up. My depression is a loud voice that commands me to just throw in the towel and lose. To lose like the loser I am. Why try succeeding if you will only ever lose?...I am not enough. I am not alive. I am so tired. I just want to go home and sleep for a week... Saying ""I am tired"" when I am actually tired, but then I start to feel depressed and now I am even more tired...while also feeling totally empty inside.",Depression
